{"cameraMode":{"drawMode":0,"name":"Shaded","section":"Shading Mode"},"sceneLighting":false,"audioPlay":false,"sceneViewState":{"m_AlwaysRefresh":false,"showFog":false,"showSkybox":false,"showFlares":false,"showImageEffects":false,"showParticleSystems":false,"showVisualEffectGraphs":true,"m_FxEnabled":true},"in2DMode":false,"pivot":{"x":0.019545793533325197,"y":3.0705151557922365,"z":0.15728232264518739},"rotation":{"x":-0.0030842586420476438,"y":-0.9808325171470642,"z":0.1940399557352066,"w":-0.015589645132422448},"size":4.783341884613037,"orthographic":false}