{"cameraMode":{"drawMode":0,"name":"Shaded","section":"Shading Mode"},"sceneLighting":true,"audioPlay":false,"sceneViewState":{"m_AlwaysRefresh":false,"showFog":true,"showSkybox":true,"showFlares":true,"showImageEffects":true,"showParticleSystems":true,"showVisualEffectGraphs":true,"m_FxEnabled":true},"in2DMode":false,"pivot":{"x":-14.922163963317871,"y":2.0241410732269289,"z":-8.123266220092774},"rotation":{"x":0.024006417021155359,"y":-0.9735410213470459,"z":0.12214350700378418,"w":0.19138135015964509},"size":30.26787567138672,"orthographic":false}