{"cameraMode":{"drawMode":0,"name":"Shaded","section":"Shading Mode"},"sceneLighting":true,"audioPlay":false,"sceneViewState":{"m_AlwaysRefresh":false,"showFog":true,"showSkybox":true,"showFlares":true,"showImageEffects":true,"showParticleSystems":true,"showVisualEffectGraphs":true,"m_FxEnabled":true},"in2DMode":false,"pivot":{"x":755.1404418945313,"y":63.04146957397461,"z":522.5410766601563},"rotation":{"x":-0.0008928558090701699,"y":0.9938365817070007,"z":-0.10504572838544846,"w":-0.0008923740242607892},"size":3.8813459873199465,"orthographic":false}