{"cameraMode":{"drawMode":0,"name":"Shaded","section":"Shading Mode"},"sceneLighting":true,"audioPlay":false,"sceneViewState":{"m_AlwaysRefresh":false,"showFog":true,"showSkybox":true,"showFlares":true,"showImageEffects":true,"showParticleSystems":true,"showVisualEffectGraphs":true,"m_FxEnabled":true},"in2DMode":false,"pivot":{"x":-10.429473876953125,"y":-0.35915154218673708,"z":-21.183963775634767},"rotation":{"x":0.011624972335994244,"y":-0.985667884349823,"z":0.1462453156709671,"w":0.0775166004896164},"size":7.558612823486328,"orthographic":false}