{"cameraMode":{"drawMode":0,"name":"Shaded","section":"Shading Mode"},"sceneLighting":false,"audioPlay":false,"sceneViewState":{"m_AlwaysRefresh":false,"showFog":true,"showSkybox":false,"showFlares":true,"showImageEffects":true,"showParticleSystems":true,"showVisualEffectGraphs":true,"m_FxEnabled":true},"in2DMode":false,"pivot":{"x":0.2918740510940552,"y":2.035257577896118,"z":-19.08238410949707},"rotation":{"x":0.02156396396458149,"y":-0.9765573740005493,"z":0.11805872619152069,"w":0.17831583321094514},"size":2.3916711807250978,"orthographic":false}